{"cameraMode":{"drawMode":0,"name":"Shaded","section":"Shading Mode"},"sceneLighting":true,"audioPlay":false,"sceneViewState":{"m_AlwaysRefresh":false,"showFog":true,"showSkybox":true,"showFlares":true,"showImageEffects":true,"showParticleSystems":true,"showVisualEffectGraphs":true,"m_FxEnabled":true},"in2DMode":false,"pivot":{"x":0.5706890821456909,"y":-22.528385162353517,"z":2.6833717823028566},"rotation":{"x":0.6475703716278076,"y":-0.0034287150483578445,"z":0.002914560493081808,"w":0.761995255947113},"size":118.22333526611328,"orthographic":true}